gene,,,,,
Zm00001d039352,,,,,
Zm00001d019353,,,,,
Zm00001d041568,,,,,
MSTRG.5084,,,,,
MSTRG.17688,,,,,
MSTRG.4803,,,,,
MSTRG.1552,,,,,
MSTRG.6331,,,,,
Zm00001d019147,,,,,
Zm00001d006510,,,,,
Zm00001d029968,,,,,
Zm00001d022485,,,,,
Zm00001d008387,,,,,
Zm00001d050192,,,,,
Zm00001d005542,,,,,
Zm00001d033206,,,,,
MSTRG.5064,,,,,
Zm00001d046471,,,,,
Zm00001d022026,,,,,
Zm00001d027595,,,,,
Zm00001d026343,,,,,
Zm00001d043632,,,,,
Zm00001d044588,,,,,
MSTRG.5066,,,,,
MSTRG.5087,,,,,
Zm00001d036480,,,,,
MSTRG.11945,,,,,
Zm00001d048764,,,,,
MSTRG.20322,,,,,
MSTRG.9384,,,,,
Zm00001d048324,,,,,
MSTRG.8273,,,,,
MSTRG.18284,,,,,
MSTRG.1682,,,,,
Zm00001d039101,,,,,
Zm00001d022180,,,,,
Zm00001d014954,,,,,
Zm00001d045201,,,,,
Zm00001d043625,,,,,
Zm00001d042023,,,,,
Zm00001d013377,,,,,
Zm00001d037774,,,,,
Zm00001d033174,,,,,
Zm00001d026687,,,,,
Zm00001d050069,,,,,
Zm00001d022042,,,,,
Zm00001d007810,,,,,
Zm00001d009417,,,,,
Zm00001d021421,,,,,
MSTRG.16812,,,,,
Zm00001d027037,,,,,
Zm00001d038806,,,,,
Zm00001d031611,,,,,
Zm00001d032748,,,,,
Zm00001d022618,,,,,
Zm00001d014673,,,,,
MSTRG.19192,,,,,
Zm00001d015376,,,,,
Zm00001d028786,,,,,
Zm00001d045256,,,,,
Zm00001d007234,,,,,
Zm00001d047958,,,,,
Zm00001d013777,,,,,
MSTRG.14314,,,,,
Zm00001d037740,,,,,
Zm00001d020201,,,,,
Zm00001d031956,,,,,
Zm00001d033707,,,,,
Zm00001d022367,,,,,
Zm00001d007192,,,,,
Zm00001d011816,,,,,
Zm00001d019247,,,,,
Zm00001d005642,,,,,
Zm00001d037873,,,,,
Zm00001d032370,,,,,
Zm00001d052194,,,,,
Zm00001d048253,,,,,
Zm00001d012674,,,,,
MSTRG.11399,,,,,
Zm00001d037905,,,,,
Zm00001d018938,,,,,
MSTRG.6483,,,,,
Zm00001d043606,,,,,
MSTRG.14162,,,,,
Zm00001d032760,,,,,
Zm00001d045257,,,,,
Zm00001d013751,,,,,
Zm00001d013612,,,,,
Zm00001d026240,,,,,
MSTRG.18414,,,,,
Zm00001d026532,,,,,
MSTRG.1883,,,,,
Zm00001d048157,,,,,
Zm00001d051111,,,,,
Zm00001d011334,,,,,
Zm00001d028801,,,,,
Zm00001d049399,,,,,
Zm00001d024511,,,,,
Zm00001d052089,,,,,
Zm00001d049230,,,,,
Zm00001d040429,,,,,
Zm00001d053952,,,,,
Zm00001d018911,,,,,
Zm00001d006160,,,,,
Zm00001d022257,,,,,
MSTRG.17762,,,,,
Zm00001d047296,,,,,
MSTRG.4313,,,,,
Zm00001d016659,,,,,
MSTRG.5082,,,,,
Zm00001d015091,,,,,
Zm00001d005334,,,,,
Zm00001d033147,,,,,
Zm00001d021652,,,,,
Zm00001d037875,,,,,
Zm00001d043601,,,,,
Zm00001d041072,,,,,
Zm00001d033746,,,,,
Zm00001d053576,,,,,
Zm00001d003600,,,,,
Zm00001d011822,,,,,
Zm00001d014957,,,,,
Zm00001d050375,,,,,
Zm00001d010850,,,,,
MSTRG.16431,,,,,
Zm00001d029174,,,,,
Zm00001d047548,,,,,
Zm00001d003672,,,,,
MSTRG.2658,,,,,
MSTRG.14399,,,,,
Zm00001d015662,,,,,
MSTRG.11980,,,,,
Zm00001d028183,,,,,
MSTRG.6829,,,,,
Zm00001d014920,,,,,
Zm00001d019246,,,,,
Zm00001d048082,,,,,
Zm00001d010061,,,,,
MSTRG.4849,,,,,
Zm00001d042772,,,,,
Zm00001d013063,,,,,
Zm00001d007154,,,,,
Zm00001d006361,,,,,
Zm00001d037492,,,,,
Zm00001d038840,,,,,
Zm00001d042833,,,,,
Zm00001d003320,,,,,
Zm00001d053625,,,,,
Zm00001d047912,,,,,
Zm00001d006089,,,,,
Zm00001d023683,,,,,
Zm00001d010016,,,,,
Zm00001d014998,,,,,
MSTRG.15742,,,,,
MSTRG.14841,,,,,
Zm00001d021249,,,,,
Zm00001d046183,,,,,
Zm00001d010566,,,,,
MSTRG.11656,,,,,
Zm00001d026079,,,,,
Zm00001d046767,,,,,
MSTRG.635,,,,,
Zm00001d011771,,,,,
Zm00001d045055,,,,,
Zm00001d052543,,,,,
Zm00001d006900,,,,,
Zm00001d024034,,,,,
Zm00001d035086,,,,,
Zm00001d002253,,,,,
Zm00001d037714,,,,,
Zm00001d022301,,,,,
Zm00001d009749,,,,,
Zm00001d039022,,,,,
Zm00001d046591,,,,,
Zm00001d053899,,,,,
MSTRG.19101,,,,,
Zm00001d018632,,,,,
MSTRG.15685,,,,,
Zm00001d009579,,,,,
Zm00001d053010,,,,,
Zm00001d009747,,,,,
MSTRG.20025,,,,,
Zm00001d041216,,,,,
Zm00001d004125,,,,,
Zm00001d037590,,,,,
Zm00001d039518,,,,,
Zm00001d010631,,,,,
MSTRG.16668,,,,,
Zm00001d029365,,,,,
Zm00001d023339,,,,,
Zm00001d052025,,,,,
Zm00001d011276,,,,,
MSTRG.10810,,,,,
Zm00001d054089,,,,,
MSTRG.18515,,,,,
Zm00001d051568,,,,,
Zm00001d018758,,,,,
Zm00001d035679,,,,,
Zm00001d012878,,,,,
Zm00001d006306,,,,,
Zm00001d009848,,,,,
Zm00001d033983,,,,,
Zm00001d044318,,,,,
Zm00001d044421,,,,,
MSTRG.12629,,,,,
Zm00001d043661,,,,,
Zm00001d001916,,,,,
Zm00001d052185,,,,,
Zm00001d015965,,,,,
Zm00001d031701,,,,,
Zm00001d013206,,,,,
Zm00001d011604,,,,,
Zm00001d049910,,,,,
Zm00001d038832,,,,,
MSTRG.6424,,,,,
Zm00001d004473,,,,,
Zm00001d048368,,,,,
MSTRG.4472,,,,,
Zm00001d036565,,,,,
Zm00001d049452,,,,,
MSTRG.1217,,,,,
Zm00001d039564,,,,,
Zm00001d038865,,,,,
Zm00001d031640,,,,,
Zm00001d026128,,,,,
MSTRG.7248,,,,,
MSTRG.7009,,,,,
Zm00001d050179,,,,,
Zm00001d012659,,,,,
Zm00001d032945,,,,,
Zm00001d049826,,,,,
MSTRG.17960,,,,,
MSTRG.12450,,,,,
Zm00001d021248,,,,,
Zm00001d024274,,,,,
Zm00001d003127,,,,,
Zm00001d028117,,,,,
Zm00001d028998,,,,,
Zm00001d021196,,,,,
MSTRG.1421,,,,,
MSTRG.8865,,,,,
Zm00001d038923,,,,,
Zm00001d017604,,,,,
Zm00001d023979,,,,,
MSTRG.11471,,,,,
Zm00001d035201,,,,,
Zm00001d042558,,,,,
Zm00001d005200,,,,,
Zm00001d043080,,,,,
MSTRG.19100,,,,,
Zm00001d022629,,,,,
Zm00001d041932,,,,,
Zm00001d048256,,,,,
Zm00001d052718,,,,,
Zm00001d049351,,,,,
Zm00001d009868,,,,,
Zm00001d008249,,,,,
Zm00001d047797,,,,,
Zm00001d011135,,,,,
Zm00001d041246,,,,,
Zm00001d004821,,,,,
Zm00001d029124,,,,,
Zm00001d038570,,,,,
Zm00001d022134,,,,,
MSTRG.10241,,,,,
Zm00001d008214,,,,,
Zm00001d028554,,,,,
Zm00001d007210,,,,,
Zm00001d023741,,,,,
MSTRG.9154,,,,,
MSTRG.7081,,,,,
Zm00001d015378,,,,,
MSTRG.3809,,,,,
Zm00001d051245,,,,,
Zm00001d002275,,,,,
Zm00001d034991,,,,,
MSTRG.19090,,,,,
Zm00001d034855,,,,,
Zm00001d036169,,,,,
Zm00001d014082,,,,,
Zm00001d006166,,,,,
Zm00001d037122,,,,,
Zm00001d028005,,,,,
Zm00001d012590,,,,,
Zm00001d022144,,,,,
MSTRG.13004,,,,,
Zm00001d024787,,,,,
Zm00001d037270,,,,,
Zm00001d012501,,,,,
Zm00001d029144,,,,,
Zm00001d023830,,,,,
Zm00001d010982,,,,,
MSTRG.17970,,,,,
Zm00001d048424,,,,,
Zm00001d047941,,,,,
Zm00001d037929,,,,,
Zm00001d007755,,,,,
Zm00001d044586,,,,,
Zm00001d012103,,,,,
Zm00001d023469,,,,,
Zm00001d021745,,,,,
MSTRG.19947,,,,,
Zm00001d032156,,,,,
Zm00001d017915,,,,,
Zm00001d044874,,,,,
Zm00001d001999,,,,,
Zm00001d002503,,,,,
Zm00001d044573,,,,,
Zm00001d048193,,,,,
Zm00001d023226,,,,,
Zm00001d049163,,,,,
Zm00001d033128,,,,,
Zm00001d005399,,,,,
MSTRG.11452,,,,,
MSTRG.336,,,,,
Zm00001d030114,,,,,
Zm00001d012992,,,,,
MSTRG.10994,,,,,
Zm00001d048609,,,,,
Zm00001d032231,,,,,
Zm00001d002597,,,,,
Zm00001d032229,,,,,
Zm00001d012155,,,,,
Zm00001d047186,,,,,
Zm00001d023292,,,,,
MSTRG.3212,,,,,
MSTRG.19705,,,,,
Zm00001d052848,,,,,
Zm00001d020983,,,,,
Zm00001d005460,,,,,
MSTRG.7641,,,,,
Zm00001d016276,,,,,
Zm00001d018896,,,,,
Zm00001d018183,,,,,
Zm00001d044979,,,,,
Zm00001d012391,,,,,
Zm00001d003857,,,,,
Zm00001d025780,,,,,
Zm00001d033457,,,,,
Zm00001d022545,,,,,
Zm00001d032942,,,,,
Zm00001d044570,,,,,
Zm00001d014969,,,,,
Zm00001d010599,,,,,
Zm00001d032311,,,,,
Zm00001d017092,,,,,
Zm00001d029165,,,,,
Zm00001d052948,,,,,
MSTRG.7144,,,,,
Zm00001d047542,,,,,
Zm00001d004841,,,,,
MSTRG.15578,,,,,
Zm00001d034998,,,,,
Zm00001d021511,,,,,
Zm00001d019108,,,,,
Zm00001d021592,,,,,
Zm00001d037307,,,,,
Zm00001d039401,,,,,
MSTRG.16672,,,,,
Zm00001d038646,,,,,
Zm00001d024523,,,,,
Zm00001d047187,,,,,
Zm00001d030012,,,,,
Zm00001d023472,,,,,
Zm00001d013056,,,,,
Zm00001d053168,,,,,
MSTRG.9577,,,,,
Zm00001d006351,,,,,
MSTRG.6337,,,,,
Zm00001d032686,,,,,
Zm00001d025557,,,,,
Zm00001d010528,,,,,
MSTRG.6879,,,,,
Zm00001d025551,,,,,
Zm00001d006008,,,,,
MSTRG.16375,,,,,
MSTRG.9218,,,,,
MSTRG.6959,,,,,
Zm00001d003680,,,,,
MSTRG.10631,,,,,
Zm00001d051600,,,,,
Zm00001d011139,,,,,
Zm00001d034440,,,,,
MSTRG.10139,,,,,
Zm00001d026056,,,,,
Zm00001d047481,,,,,
Zm00001d043768,,,,,
Zm00001d051642,,,,,
Zm00001d009811,,,,,
Zm00001d035948,,,,,
Zm00001d042966,,,,,
MSTRG.4738,,,,,
Zm00001d015168,,,,,
Zm00001d018979,,,,,
Zm00001d042536,,,,,
Zm00001d054043,,,,,
Zm00001d037926,,,,,
MSTRG.11579,,,,,
Zm00001d049830,,,,,
Zm00001d019114,,,,,
Zm00001d018957,,,,,
Zm00001d038661,,,,,
Zm00001d014882,,,,,
MSTRG.9031,,,,,
Zm00001d008074,,,,,
Zm00001d033727,,,,,
Zm00001d031050,,,,,
Zm00001d029377,,,,,
Zm00001d021999,,,,,
MSTRG.4470,,,,,
Zm00001d047799,,,,,
Zm00001d038012,,,,,
Zm00001d010646,,,,,
Zm00001d053863,,,,,
Zm00001d033108,,,,,
Zm00001d034429,,,,,
Zm00001d053211,,,,,
Zm00001d029046,,,,,
Zm00001d050157,,,,,
Zm00001d033818,,,,,
Zm00001d015275,,,,,
Zm00001d001879,,,,,
Zm00001d008357,,,,,
Zm00001d017958,,,,,
Zm00001d028709,,,,,
Zm00001d011299,,,,,
MSTRG.15117,,,,,
Zm00001d021785,,,,,
Zm00001d009271,,,,,
MSTRG.10115,,,,,
Zm00001d020726,,,,,
Zm00001d013428,,,,,
Zm00001d014947,,,,,
MSTRG.9311,,,,,
Zm00001d052060,,,,,
Zm00001d028707,,,,,
Zm00001d034270,,,,,
Zm00001d011315,,,,,
Zm00001d039200,,,,,
Zm00001d049666,,,,,
Zm00001d017482,,,,,
MSTRG.3873,,,,,
Zm00001d023734,,,,,
MSTRG.1780,,,,,
Zm00001d022239,,,,,
Zm00001d041969,,,,,
Zm00001d035015,,,,,
Zm00001d025623,,,,,
MSTRG.4689,,,,,
Zm00001d023536,,,,,
Zm00001d011741,,,,,
Zm00001d049500,,,,,
MSTRG.18274,,,,,
MSTRG.1061,,,,,
MSTRG.19551,,,,,
Zm00001d037576,,,,,
Zm00001d017887,,,,,
Zm00001d011786,,,,,
Zm00001d053016,,,,,
Zm00001d045448,,,,,
Zm00001d006100,,,,,
Zm00001d017145,,,,,
Zm00001d003248,,,,,
Zm00001d010824,,,,,
Zm00001d038358,,,,,
MSTRG.13813,,,,,
Zm00001d022395,,,,,
MSTRG.16197,,,,,
Zm00001d036048,,,,,
Zm00001d034721,,,,,
Zm00001d040446,,,,,
Zm00001d032669,,,,,
Zm00001d013530,,,,,
Zm00001d009488,,,,,
Zm00001d050616,,,,,
Zm00001d051650,,,,,
Zm00001d045698,,,,,
Zm00001d017476,,,,,
Zm00001d018613,,,,,
Zm00001d035312,,,,,
MSTRG.2743,,,,,
Zm00001d023767,,,,,
Zm00001d028622,,,,,
MSTRG.10116,,,,,
Zm00001d016286,,,,,
Zm00001d048926,,,,,
Zm00001d014128,,,,,
Zm00001d030014,,,,,
Zm00001d043341,,,,,
MSTRG.8986,,,,,
Zm00001d039455,,,,,
MSTRG.15266,,,,,
MSTRG.19792,,,,,
Zm00001d039623,,,,,
Zm00001d034595,,,,,
Zm00001d023373,,,,,
Zm00001d051885,,,,,
Zm00001d036741,,,,,
Zm00001d024815,,,,,
Zm00001d002395,,,,,
MSTRG.11615,,,,,
Zm00001d051628,,,,,
Zm00001d044367,,,,,
Zm00001d019358,,,,,
Zm00001d017201,,,,,
Zm00001d033467,,,,,
Zm00001d029459,,,,,
MSTRG.18061,,,,,
Zm00001d049597,,,,,
MSTRG.14703,,,,,
MSTRG.18497,,,,,
Zm00001d031168,,,,,
MSTRG.18425,,,,,
Zm00001d012092,,,,,
Zm00001d025724,,,,,
MSTRG.19528,,,,,
Zm00001d046937,,,,,
Zm00001d043751,,,,,
Zm00001d039106,,,,,
Zm00001d017890,,,,,
Zm00001d034790,,,,,
Zm00001d018526,,,,,
Zm00001d011246,,,,,
Zm00001d051861,,,,,
Zm00001d033535,,,,,
MSTRG.14582,,,,,
Zm00001d016572,,,,,
MSTRG.16372,,,,,
Zm00001d042409,,,,,
Zm00001d040107,,,,,
MSTRG.5323,,,,,
Zm00001d009702,,,,,
MSTRG.14331,,,,,
Zm00001d009564,,,,,
Zm00001d030194,,,,,
Zm00001d034422,,,,,
Zm00001d035841,,,,,
Zm00001d022141,,,,,
Zm00001d005498,,,,,
Zm00001d035872,,,,,
Zm00001d035920,,,,,
Zm00001d042584,,,,,
MSTRG.9909,,,,,
Zm00001d002316,,,,,
Zm00001d038929,,,,,
Zm00001d039133,,,,,
Zm00001d043022,,,,,
MSTRG.18496,,,,,
MSTRG.2477,,,,,
Zm00001d020315,,,,,
MSTRG.19113,,,,,
Zm00001d052411,,,,,
Zm00001d015327,,,,,
Zm00001d003941,,,,,
Zm00001d031908,,,,,
Zm00001d013300,,,,,
MSTRG.7310,,,,,
Zm00001d025575,,,,,
Zm00001d017566,,,,,
MSTRG.59,,,,,
Zm00001d046438,,,,,
Zm00001d033278,,,,,
MSTRG.5594,,,,,
Zm00001d051685,,,,,
Zm00001d045533,,,,,
Zm00001d032111,,,,,
Zm00001d011994,,,,,
Zm00001d006866,,,,,
Zm00001d005402,,,,,
Zm00001d007890,,,,,
Zm00001d044172,,,,,
Zm00001d005276,,,,,
Zm00001d028830,,,,,
Zm00001d018515,,,,,
Zm00001d050575,,,,,
Zm00001d010790,,,,,
Zm00001d023808,,,,,
MSTRG.18879,,,,,
Zm00001d037498,,,,,
Zm00001d053359,,,,,
Zm00001d004015,,,,,
Zm00001d025991,,,,,
Zm00001d042454,,,,,
Zm00001d047449,,,,,
MSTRG.10995,,,,,
Zm00001d036664,,,,,
Zm00001d019326,,,,,
Zm00001d024408,,,,,
Zm00001d031929,,,,,
Zm00001d043942,,,,,
Zm00001d026649,,,,,
Zm00001d036613,,,,,
Zm00001d050208,,,,,
Zm00001d028529,,,,,
MSTRG.3067,,,,,
Zm00001d010731,,,,,
Zm00001d002962,,,,,
Zm00001d024839,,,,,
Zm00001d034491,,,,,
MSTRG.13548,,,,,
Zm00001d036666,,,,,
Zm00001d010495,,,,,
Zm00001d048440,,,,,
Zm00001d038351,,,,,
MSTRG.17114,,,,,
Zm00001d032238,,,,,
Zm00001d035094,,,,,
Zm00001d003846,,,,,
Zm00001d009879,,,,,
Zm00001d051498,,,,,
Zm00001d025665,,,,,
Zm00001d039213,,,,,
Zm00001d007145,,,,,
Zm00001d053630,,,,,
Zm00001d025166,,,,,
Zm00001d007503,,,,,
Zm00001d031205,,,,,
Zm00001d038318,,,,,
Zm00001d002889,,,,,
Zm00001d049753,,,,,
Zm00001d045783,,,,,
Zm00001d006844,,,,,
Zm00001d027519,,,,,
MSTRG.4185,,,,,
Zm00001d034750,,,,,
Zm00001d025522,,,,,
MSTRG.18317,,,,,
Zm00001d035761,,,,,
Zm00001d049619,,,,,
Zm00001d006871,,,,,
Zm00001d037346,,,,,
Zm00001d025413,,,,,
Zm00001d006899,,,,,
Zm00001d051804,,,,,
Zm00001d042363,,,,,
Zm00001d034037,,,,,
MSTRG.2094,,,,,
Zm00001d013812,,,,,
Zm00001d009211,,,,,
Zm00001d038917,,,,,
Zm00001d023664,,,,,
Zm00001d033262,,,,,
Zm00001d052385,,,,,
Zm00001d039211,,,,,
MSTRG.530,,,,,
Zm00001d053595,,,,,
Zm00001d022181,,,,,
MSTRG.15153,,,,,
Zm00001d006582,,,,,
Zm00001d045993,,,,,
MSTRG.17275,,,,,
Zm00001d043195,,,,,
Zm00001d047289,,,,,
Zm00001d004934,,,,,
Zm00001d054065,,,,,
MSTRG.9775,,,,,
Zm00001d021140,,,,,
Zm00001d013108,,,,,
Zm00001d040190,,,,,
Zm00001d005818,,,,,
Zm00001d006610,,,,,
Zm00001d053228,,,,,
Zm00001d032781,,,,,
Zm00001d042695,,,,,
Zm00001d033579,,,,,
Zm00001d035666,,,,,
Zm00001d019724,,,,,
Zm00001d052964,,,,,
Zm00001d047015,,,,,
Zm00001d049729,,,,,
Zm00001d007496,,,,,
Zm00001d045451,,,,,
MSTRG.16730,,,,,
MSTRG.10147,,,,,
Zm00001d025401,,,,,
Zm00001d010975,,,,,
Zm00001d048409,,,,,
Zm00001d052113,,,,,
Zm00001d049629,,,,,
Zm00001d020531,,,,,
Zm00001d022237,,,,,
MSTRG.16623,,,,,
Zm00001d029177,,,,,
Zm00001d030795,,,,,
Zm00001d019600,,,,,
Zm00001d042929,,,,,
Zm00001d051441,,,,,
Zm00001d028919,,,,,
Zm00001d022179,,,,,
Zm00001d005695,,,,,
Zm00001d037227,,,,,
Zm00001d031707,,,,,
Zm00001d049790,,,,,
Zm00001d014880,,,,,
Zm00001d012161,,,,,
Zm00001d033537,,,,,
Zm00001d034983,,,,,
Zm00001d036654,,,,,
Zm00001d038506,,,,,
Zm00001d014813,,,,,
Zm00001d013999,,,,,
Zm00001d022469,,,,,
Zm00001d006296,,,,,
MSTRG.13560,,,,,
Zm00001d003157,,,,,
Zm00001d051675,,,,,
Zm00001d028653,,,,,
Zm00001d007302,,,,,
Zm00001d008326,,,,,
Zm00001d051504,,,,,
Zm00001d041750,,,,,
Zm00001d031627,,,,,
Zm00001d053979,,,,,
Zm00001d012633,,,,,
Zm00001d035337,,,,,
Zm00001d050526,,,,,
MSTRG.17763,,,,,
MSTRG.2148,,,,,
Zm00001d028114,,,,,
Zm00001d018903,,,,,
Zm00001d025170,,,,,
Zm00001d016472,,,,,
Zm00001d021788,,,,,
Zm00001d015130,,,,,
Zm00001d031209,,,,,
Zm00001d028813,,,,,
Zm00001d021614,,,,,
Zm00001d031727,,,,,
Zm00001d006731,,,,,
MSTRG.8481,,,,,
Zm00001d041963,,,,,
Zm00001d052056,,,,,
Zm00001d010946,,,,,
Zm00001d031849,,,,,
Zm00001d006903,,,,,
MSTRG.18501,,,,,
Zm00001d031796,,,,,
Zm00001d016446,,,,,
Zm00001d047766,,,,,
Zm00001d028612,,,,,
Zm00001d053217,,,,,
Zm00001d033745,,,,,
Zm00001d006700,,,,,
MSTRG.737,,,,,
Zm00001d024307,,,,,
Zm00001d022131,,,,,
Zm00001d021551,,,,,
Zm00001d023379,,,,,
Zm00001d045109,,,,,
MSTRG.16863,,,,,
MSTRG.7928,,,,,
MSTRG.685,,,,,
Zm00001d004812,,,,,
Zm00001d023646,,,,,
Zm00001d045326,,,,,
Zm00001d032435,,,,,
Zm00001d046531,,,,,
Zm00001d045775,,,,,
Zm00001d036387,,,,,
Zm00001d051662,,,,,
Zm00001d005229,,,,,
Zm00001d010614,,,,,
Zm00001d053838,,,,,
Zm00001d020963,,,,,
MSTRG.12653,,,,,
Zm00001d052952,,,,,
Zm00001d012052,,,,,
Zm00001d043600,,,,,
Zm00001d014587,,,,,
Zm00001d053080,,,,,
Zm00001d021445,,,,,
Zm00001d041480,,,,,
Zm00001d032719,,,,,
Zm00001d053003,,,,,
Zm00001d026653,,,,,
Zm00001d001572,,,,,
Zm00001d002254,,,,,
Zm00001d015586,,,,,
Zm00001d028384,,,,,
Zm00001d016797,,,,,
Zm00001d033055,,,,,
MSTRG.2256,,,,,
Zm00001d050336,,,,,
Zm00001d034778,,,,,
Zm00001d008648,,,,,
Zm00001d005238,,,,,
MSTRG.1379,,,,,
Zm00001d036989,,,,,
Zm00001d010902,,,,,
MSTRG.15302,,,,,
Zm00001d044982,,,,,
Zm00001d015568,,,,,
Zm00001d046939,,,,,
Zm00001d024525,,,,,
MSTRG.14855,,,,,
Zm00001d031560,,,,,
Zm00001d034950,,,,,
Zm00001d019283,,,,,
Zm00001d009578,,,,,
Zm00001d047207,,,,,
Zm00001d022161,,,,,
Zm00001d016803,,,,,
Zm00001d013034,,,,,
Zm00001d052229,,,,,
Zm00001d028905,,,,,
Zm00001d044391,,,,,
Zm00001d053626,,,,,
Zm00001d016380,,,,,
MSTRG.10113,,,,,
Zm00001d022442,,,,,
Zm00001d026685,,,,,
Zm00001d034628,,,,,
Zm00001d047472,,,,,
Zm00001d006905,,,,,
Zm00001d018090,,,,,
Zm00001d051636,,,,,
MSTRG.6014,,,,,
Zm00001d024540,,,,,
Zm00001d006109,,,,,
Zm00001d028656,,,,,
Zm00001d050383,,,,,
Zm00001d018399,,,,,
Zm00001d012635,,,,,
Zm00001d043652,,,,,
Zm00001d043089,,,,,
Zm00001d049079,,,,,
MSTRG.7611,,,,,
Zm00001d049540,,,,,
Zm00001d033248,,,,,
Zm00001d053728,,,,,
Zm00001d030131,,,,,
Zm00001d018309,,,,,
Zm00001d022505,,,,,
Zm00001d030725,,,,,
Zm00001d048291,,,,,
Zm00001d027707,,,,,
Zm00001d004839,,,,,
Zm00001d015856,,,,,
MSTRG.5955,,,,,
Zm00001d033250,,,,,
Zm00001d018408,,,,,
Zm00001d011321,,,,,
Zm00001d017768,,,,,
Zm00001d034188,,,,,
Zm00001d047757,,,,,
Zm00001d052124,,,,,
MSTRG.13775,,,,,
Zm00001d021087,,,,,
Zm00001d001811,,,,,
Zm00001d048655,,,,,
Zm00001d042525,,,,,
Zm00001d017847,,,,,
Zm00001d050395,,,,,
MSTRG.8628,,,,,
Zm00001d034996,,,,,
Zm00001d015300,,,,,
Zm00001d008691,,,,,
Zm00001d038080,,,,,
MSTRG.10008,,,,,
Zm00001d030691,,,,,
Zm00001d010920,,,,,
Zm00001d024543,,,,,
Zm00001d012675,,,,,
Zm00001d038389,,,,,
Zm00001d036280,,,,,
Zm00001d053556,,,,,
MSTRG.20326,,,,,
Zm00001d038327,,,,,
Zm00001d027976,,,,,
Zm00001d043382,,,,,
Zm00001d017472,,,,,
Zm00001d027841,,,,,
Zm00001d033518,,,,,
Zm00001d040459,,,,,
Zm00001d018370,,,,,
Zm00001d020429,,,,,
Zm00001d044906,,,,,
MSTRG.19387,,,,,
Zm00001d035616,,,,,
Zm00001d038541,,,,,
Zm00001d026630,,,,,
Zm00001d040257,,,,,
Zm00001d037278,,,,,
Zm00001d050921,,,,,
Zm00001d050567,,,,,
Zm00001d038709,,,,,
Zm00001d039370,,,,,
MSTRG.7050,,,,,
Zm00001d015449,,,,,
Zm00001d024319,,,,,
Zm00001d044754,,,,,
Zm00001d044815,,,,,
Zm00001d026254,,,,,
Zm00001d011036,,,,,
MSTRG.12884,,,,,
Zm00001d029188,,,,,
Zm00001d053564,,,,,
Zm00001d041393,,,,,
MSTRG.6269,,,,,
Zm00001d047600,,,,,
Zm00001d002163,,,,,
Zm00001d028050,,,,,
MSTRG.8624,,,,,
Zm00001d008546,,,,,
Zm00001d007901,,,,,
Zm00001d049480,,,,,
Zm00001d041105,,,,,
Zm00001d014194,,,,,
Zm00001d019062,,,,,
Zm00001d036797,,,,,
Zm00001d035698,,,,,
Zm00001d018466,,,,,
Zm00001d025717,,,,,
MSTRG.321,,,,,
Zm00001d053798,,,,,
Zm00001d051599,,,,,
Zm00001d023459,,,,,
Zm00001d032142,,,,,
Zm00001d050023,,,,,
Zm00001d008233,,,,,
MSTRG.13426,,,,,
Zm00001d021060,,,,,
Zm00001d002631,,,,,
Zm00001d051502,,,,,
Zm00001d043339,,,,,
Zm00001d037972,,,,,
Zm00001d034245,,,,,
Zm00001d025474,,,,,
Zm00001d046445,,,,,
Zm00001d003670,,,,,
MSTRG.1325,,,,,
Zm00001d041760,,,,,
Zm00001d011192,,,,,
Zm00001d032710,,,,,
Zm00001d053834,,,,,
Zm00001d032267,,,,,
MSTRG.19430,,,,,
Zm00001d021287,,,,,
Zm00001d012988,,,,,
Zm00001d031227,,,,,
Zm00001d012240,,,,,
Zm00001d015723,,,,,
MSTRG.9301,,,,,
Zm00001d031179,,,,,
Zm00001d039013,,,,,
Zm00001d048373,,,,,
Zm00001d022172,,,,,
Zm00001d013499,,,,,
Zm00001d029595,,,,,
Zm00001d049343,,,,,
Zm00001d033235,,,,,
Zm00001d053265,,,,,
Zm00001d028655,,,,,
Zm00001d032905,,,,,
Zm00001d025441,,,,,
Zm00001d043193,,,,,
Zm00001d017205,,,,,
Zm00001d051227,,,,,
Zm00001d027612,,,,,
Zm00001d018639,,,,,
Zm00001d048382,,,,,
Zm00001d035468,,,,,
Zm00001d038617,,,,,
Zm00001d018156,,,,,
Zm00001d002277,,,,,
Zm00001d021313,,,,,
Zm00001d025027,,,,,
Zm00001d048428,,,,,
Zm00001d011357,,,,,
Zm00001d033804,,,,,
Zm00001d038167,,,,,
MSTRG.19422,,,,,
Zm00001d018033,,,,,
MSTRG.18220,,,,,
Zm00001d007597,,,,,
Zm00001d027731,,,,,
Zm00001d028807,,,,,
Zm00001d010529,,,,,
Zm00001d010048,,,,,
Zm00001d038823,,,,,
Zm00001d035256,,,,,
Zm00001d042287,,,,,
Zm00001d012428,,,,,
Zm00001d039026,,,,,
Zm00001d013730,,,,,
Zm00001d024998,,,,,
MSTRG.19809,,,,,
Zm00001d026334,,,,,
Zm00001d009597,,,,,
MSTRG.15660,,,,,
Zm00001d027813,,,,,
Zm00001d005271,,,,,
Zm00001d035901,,,,,
Zm00001d043059,,,,,
Zm00001d031019,,,,,
MSTRG.7256,,,,,
Zm00001d042388,,,,,
Zm00001d028252,,,,,
Zm00001d032732,,,,,
Zm00001d002053,,,,,
MSTRG.18947,,,,,
Zm00001d013383,,,,,
Zm00001d005751,,,,,
Zm00001d020976,,,,,
Zm00001d020636,,,,,
Zm00001d033870,,,,,
Zm00001d053226,,,,,
Zm00001d016452,,,,,
Zm00001d014058,,,,,
Zm00001d021061,,,,,
Zm00001d005178,,,,,
Zm00001d008307,,,,,
Zm00001d024698,,,,,
MSTRG.17375,,,,,
Zm00001d010915,,,,,
Zm00001d033477,,,,,
Zm00001d022124,,,,,
Zm00001d032019,,,,,
Zm00001d013217,,,,,
MSTRG.17530,,,,,
Zm00001d035597,,,,,
Zm00001d019194,,,,,
Zm00001d018616,,,,,
Zm00001d019824,,,,,
Zm00001d003345,,,,,
Zm00001d016935,,,,,
Zm00001d041495,,,,,
Zm00001d053632,,,,,
MSTRG.7654,,,,,
Zm00001d033160,,,,,
Zm00001d008271,,,,,
Zm00001d047854,,,,,
Zm00001d026578,,,,,
Zm00001d039387,,,,,
MSTRG.13362,,,,,
Zm00001d034059,,,,,
MSTRG.14090,,,,,
Zm00001d043580,,,,,
MSTRG.12599,,,,,
Zm00001d040411,,,,,
Zm00001d011734,,,,,
Zm00001d015242,,,,,
Zm00001d022010,,,,,
Zm00001d005674,,,,,
Zm00001d048616,,,,,
Zm00001d050193,,,,,
Zm00001d038594,,,,,
Zm00001d035492,,,,,
MSTRG.6877,,,,,
MSTRG.38,,,,,
Zm00001d043083,,,,,
MSTRG.12057,,,,,
Zm00001d005705,,,,,
Zm00001d029997,,,,,
Zm00001d035087,,,,,
Zm00001d037727,,,,,
Zm00001d026064,,,,,
MSTRG.19436,,,,,
MSTRG.9360,,,,,
Zm00001d015134,,,,,
Zm00001d044970,,,,,
Zm00001d007111,,,,,
Zm00001d031316,,,,,
Zm00001d052820,,,,,
Zm00001d017379,,,,,
Zm00001d053223,,,,,
Zm00001d027342,,,,,
Zm00001d006872,,,,,
MSTRG.9744,,,,,
Zm00001d037429,,,,,
Zm00001d040496,,,,,
Zm00001d003288,,,,,
Zm00001d008795,,,,,
Zm00001d040360,,,,,
Zm00001d020175,,,,,
Zm00001d043157,,,,,
MSTRG.7408,,,,,
Zm00001d006402,,,,,
MSTRG.11814,,,,,
MSTRG.13778,,,,,
Zm00001d025767,,,,,
MSTRG.5470,,,,,
Zm00001d031326,,,,,
MSTRG.2284,,,,,
Zm00001d039867,,,,,
MSTRG.2131,,,,,
Zm00001d036018,,,,,
Zm00001d037417,,,,,
Zm00001d016063,,,,,
Zm00001d000721,,,,,
Zm00001d008744,,,,,
Zm00001d031939,,,,,
Zm00001d005343,,,,,
Zm00001d025305,,,,,
Zm00001d003393,,,,,
Zm00001d032615,,,,,
Zm00001d048102,,,,,
Zm00001d006699,,,,,
Zm00001d029851,,,,,
Zm00001d017103,,,,,
MSTRG.20493,,,,,
Zm00001d005866,,,,,
Zm00001d011278,,,,,
Zm00001d036987,,,,,
Zm00001d023583,,,,,
Zm00001d014292,,,,,
Zm00001d030859,,,,,
Zm00001d012195,,,,,
Zm00001d044287,,,,,
Zm00001d037326,,,,,
Zm00001d018409,,,,,
Zm00001d052074,,,,,
Zm00001d032224,,,,,
MSTRG.11140,,,,,
Zm00001d011684,,,,,
MSTRG.8805,,,,,
Zm00001d026438,,,,,
Zm00001d022499,,,,,
Zm00001d034772,,,,,
Zm00001d043684,,,,,
Zm00001d040123,,,,,
Zm00001d003812,,,,,
Zm00001d009117,,,,,
Zm00001d036226,,,,,
MSTRG.8809,,,,,
Zm00001d047923,,,,,
Zm00001d029023,,,,,
Zm00001d051001,,,,,
Zm00001d046749,,,,,
MSTRG.3642,,,,,
Zm00001d049155,,,,,
Zm00001d014463,,,,,
Zm00001d012544,,,,,
Zm00001d031178,,,,,
Zm00001d011517,,,,,
Zm00001d049018,,,,,
MSTRG.1166,,,,,
Zm00001d036547,,,,,
Zm00001d039521,,,,,
Zm00001d002153,,,,,
Zm00001d044225,,,,,
Zm00001d045725,,,,,
Zm00001d002408,,,,,
Zm00001d052049,,,,,
Zm00001d030108,,,,,
Zm00001d039266,,,,,
Zm00001d052248,,,,,
MSTRG.12112,,,,,
Zm00001d038920,,,,,
Zm00001d042087,,,,,
Zm00001d018128,,,,,
Zm00001d038217,,,,,
Zm00001d014977,,,,,
Zm00001d012173,,,,,
Zm00001d012577,,,,,
Zm00001d037485,,,,,
Zm00001d039001,,,,,
MSTRG.14019,,,,,
Zm00001d043686,,,,,
Zm00001d044667,,,,,
Zm00001d018916,,,,,
Zm00001d011947,,,,,
Zm00001d016691,,,,,
Zm00001d052040,,,,,
Zm00001d034124,,,,,
Zm00001d050874,,,,,
Zm00001d048902,,,,,
MSTRG.3664,,,,,
MSTRG.12541,,,,,
Zm00001d027231,,,,,
Zm00001d027527,,,,,
Zm00001d024828,,,,,
Zm00001d038172,,,,,
Zm00001d034795,,,,,
MSTRG.19836,,,,,
Zm00001d031599,,,,,
Zm00001d021979,,,,,
Zm00001d014609,,,,,
Zm00001d038209,,,,,
Zm00001d053636,,,,,
Zm00001d038896,,,,,
Zm00001d039105,,,,,
Zm00001d021301,,,,,
Zm00001d016491,,,,,
Zm00001d044307,,,,,
Zm00001d034689,,,,,
Zm00001d041955,,,,,
MSTRG.14156,,,,,
Zm00001d018389,,,,,
Zm00001d020544,,,,,
MSTRG.5899,,,,,
Zm00001d023499,,,,,
Zm00001d038765,,,,,
Zm00001d018812,,,,,
Zm00001d043613,,,,,
Zm00001d047993,,,,,
Zm00001d021187,,,,,
Zm00001d004340,,,,,
Zm00001d015383,,,,,
Zm00001d043544,,,,,
Zm00001d048026,,,,,
Zm00001d052766,,,,,
MSTRG.18312,,,,,
Zm00001d037111,,,,,
Zm00001d001913,,,,,
MSTRG.7064,,,,,
Zm00001d022314,,,,,
Zm00001d016588,,,,,
Zm00001d018485,,,,,
Zm00001d052216,,,,,
Zm00001d015410,,,,,
Zm00001d022016,,,,,
Zm00001d007296,,,,,
Zm00001d022005,,,,,
Zm00001d016159,,,,,
Zm00001d029088,,,,,
Zm00001d053685,,,,,
Zm00001d045076,,,,,
Zm00001d047392,,,,,
Zm00001d052753,,,,,
Zm00001d024755,,,,,
Zm00001d045104,,,,,
Zm00001d034771,,,,,
Zm00001d046097,,,,,
Zm00001d002810,,,,,
Zm00001d033668,,,,,
Zm00001d030939,,,,,
MSTRG.19556,,,,,
Zm00001d003084,,,,,
Zm00001d034738,,,,,
Zm00001d026119,,,,,
MSTRG.1148,,,,,
Zm00001d043093,,,,,
Zm00001d023892,,,,,
Zm00001d036568,,,,,
Zm00001d006650,,,,,
MSTRG.13602,,,,,
Zm00001d005662,,,,,
Zm00001d009572,,,,,
Zm00001d031958,,,,,
MSTRG.6850,,,,,
Zm00001d036904,,,,,
Zm00001d043070,,,,,
Zm00001d013771,,,,,
Zm00001d053452,,,,,
MSTRG.7578,,,,,
MSTRG.162,,,,,
MSTRG.19988,,,,,
Zm00001d045310,,,,,
Zm00001d044629,,,,,
Zm00001d025745,,,,,
Zm00001d044673,,,,,
MSTRG.4675,,,,,
Zm00001d053232,,,,,
Zm00001d052458,,,,,
Zm00001d036403,,,,,
MSTRG.10293,,,,,
Zm00001d044433,,,,,
Zm00001d037992,,,,,
Zm00001d035551,,,,,
Zm00001d024327,,,,,
Zm00001d020898,,,,,
MSTRG.18701,,,,,
Zm00001d039252,,,,,
Zm00001d006153,,,,,
Zm00001d045025,,,,,
Zm00001d006511,,,,,
Zm00001d038146,,,,,
Zm00001d052090,,,,,
Zm00001d001797,,,,,
Zm00001d028534,,,,,
MSTRG.12742,,,,,
Zm00001d008874,,,,,
Zm00001d033283,,,,,
Zm00001d041186,,,,,
Zm00001d031072,,,,,
MSTRG.16541,,,,,
Zm00001d049637,,,,,
Zm00001d011588,,,,,
MSTRG.8674,,,,,
Zm00001d023635,,,,,
Zm00001d046344,,,,,
MSTRG.16255,,,,,
Zm00001d051644,,,,,
Zm00001d045557,,,,,
Zm00001d012567,,,,,
Zm00001d034404,,,,,
Zm00001d042338,,,,,
Zm00001d016061,,,,,
Zm00001d046286,,,,,
MSTRG.12783,,,,,
Zm00001d011379,,,,,
Zm00001d012198,,,,,
Zm00001d037422,,,,,
Zm00001d041954,,,,,
Zm00001d029785,,,,,
MSTRG.6168,,,,,
Zm00001d033317,,,,,
Zm00001d016549,,,,,
Zm00001d045174,,,,,
Zm00001d034181,,,,,
MSTRG.20355,,,,,
Zm00001d051552,,,,,
Zm00001d047203,,,,,
Zm00001d019186,,,,,
Zm00001d027811,,,,,
Zm00001d041727,,,,,
Zm00001d054107,,,,,
MSTRG.2564,,,,,
Zm00001d039717,,,,,
Zm00001d045740,,,,,
Zm00001d028731,,,,,
Zm00001d014786,,,,,
Zm00001d043773,,,,,
Zm00001d012839,,,,,
Zm00001d045706,,,,,
Zm00001d049389,,,,,
Zm00001d032056,,,,,
Zm00001d035044,,,,,
Zm00001d015195,,,,,
MSTRG.13956,,,,,
Zm00001d042943,,,,,
MSTRG.19373,,,,,
MSTRG.1121,,,,,
Zm00001d043401,,,,,
Zm00001d016474,,,,,
Zm00001d045696,,,,,
Zm00001d053983,,,,,
Zm00001d015328,,,,,
MSTRG.5404,,,,,
Zm00001d042372,,,,,
Zm00001d050468,,,,,
Zm00001d038649,,,,,
Zm00001d039596,,,,,
Zm00001d045763,,,,,
MSTRG.15700,,,,,
Zm00001d014321,,,,,
Zm00001d034678,,,,,
MSTRG.19375,,,,,
Zm00001d006948,,,,,
Zm00001d028713,,,,,
MSTRG.9026,,,,,
MSTRG.5689,,,,,
Zm00001d021240,,,,,
Zm00001d040768,,,,,
Zm00001d022190,,,,,
Zm00001d036201,,,,,
MSTRG.12444,,,,,
Zm00001d038600,,,,,
Zm00001d047537,,,,,
Zm00001d031026,,,,,
Zm00001d009779,,,,,
Zm00001d020810,,,,,
Zm00001d041510,,,,,
Zm00001d049557,,,,,
MSTRG.7917,,,,,
MSTRG.8353,,,,,
Zm00001d053158,,,,,
Zm00001d052087,,,,,
MSTRG.17280,,,,,
Zm00001d025203,,,,,
Zm00001d009928,,,,,
Zm00001d017071,,,,,
Zm00001d027344,,,,,
Zm00001d021823,,,,,
Zm00001d034319,,,,,
Zm00001d036328,,,,,
Zm00001d047085,,,,,
MSTRG.13683,,,,,
Zm00001d043991,,,,,
Zm00001d015429,,,,,
Zm00001d052845,,,,,
Zm00001d003683,,,,,
Zm00001d005700,,,,,
Zm00001d039710,,,,,
MSTRG.12977,,,,,
Zm00001d034368,,,,,
Zm00001d038027,,,,,
Zm00001d044641,,,,,
Zm00001d018694,,,,,
Zm00001d018959,,,,,
Zm00001d024393,,,,,
Zm00001d021676,,,,,
Zm00001d039653,,,,,
MSTRG.9850,,,,,
MSTRG.5425,,,,,
Zm00001d038228,,,,,
Zm00001d033497,,,,,
Zm00001d004140,,,,,
Zm00001d023882,,,,,
MSTRG.13841,,,,,
Zm00001d039780,,,,,
MSTRG.12707,,,,,
Zm00001d015473,,,,,
Zm00001d043147,,,,,
Zm00001d007633,,,,,
Zm00001d034609,,,,,
Zm00001d022463,,,,,
MSTRG.15888,,,,,
Zm00001d037687,,,,,
Zm00001d028198,,,,,
Zm00001d047468,,,,,
Zm00001d036036,,,,,
Zm00001d025542,,,,,
Zm00001d025712,,,,,
Zm00001d044243,,,,,
MSTRG.18534,,,,,
Zm00001d045152,,,,,
Zm00001d010195,,,,,
MSTRG.14467,,,,,
Zm00001d051069,,,,,
MSTRG.3916,,,,,
Zm00001d022513,,,,,
MSTRG.3156,,,,,
Zm00001d045000,,,,,
Zm00001d013758,,,,,
Zm00001d047951,,,,,
Zm00001d040278,,,,,
MSTRG.13523,,,,,
Zm00001d049888,,,,,
Zm00001d052921,,,,,
MSTRG.1377,,,,,
Zm00001d011487,,,,,
Zm00001d029416,,,,,
Zm00001d031222,,,,,
Zm00001d015274,,,,,
Zm00001d035156,,,,,
Zm00001d010056,,,,,
Zm00001d002658,,,,,
Zm00001d032272,,,,,
Zm00001d036337,,,,,
Zm00001d028907,,,,,
Zm00001d053239,,,,,
Zm00001d051929,,,,,
Zm00001d019624,,,,,
Zm00001d017126,,,,,
Zm00001d051856,,,,,
Zm00001d008902,,,,,
Zm00001d009004,,,,,
Zm00001d016479,,,,,
Zm00001d049746,,,,,
Zm00001d033931,,,,,
Zm00001d053197,,,,,
Zm00001d011386,,,,,
MSTRG.9828,,,,,
Zm00001d017551,,,,,
Zm00001d027680,,,,,
Zm00001d019905,,,,,
Zm00001d031891,,,,,
Zm00001d029055,,,,,
Zm00001d018096,,,,,
Zm00001d029328,,,,,
Zm00001d049668,,,,,
Zm00001d045121,,,,,
Zm00001d049933,,,,,
Zm00001d006125,,,,,
Zm00001d042050,,,,,
Zm00001d041112,,,,,
Zm00001d024245,,,,,
Zm00001d019481,,,,,
Zm00001d053857,,,,,
Zm00001d047601,,,,,
Zm00001d049552,,,,,
Zm00001d053763,,,,,
Zm00001d011572,,,,,
Zm00001d006651,,,,,
Zm00001d052075,,,,,
Zm00001d037616,,,,,
Zm00001d032102,,,,,
Zm00001d003250,,,,,
Zm00001d034497,,,,,
Zm00001d044188,,,,,
Zm00001d047059,,,,,
MSTRG.20340,,,,,
Zm00001d014794,,,,,
Zm00001d021426,,,,,
Zm00001d042842,,,,,
Zm00001d042308,,,,,
Zm00001d021668,,,,,
Zm00001d009657,,,,,
Zm00001d026284,,,,,
Zm00001d053873,,,,,
Zm00001d051869,,,,,
Zm00001d030506,,,,,
Zm00001d010514,,,,,
Zm00001d043414,,,,,
Zm00001d034062,,,,,
Zm00001d047435,,,,,
Zm00001d008642,,,,,
Zm00001d028204,,,,,
Zm00001d009837,,,,,
Zm00001d037108,,,,,
Zm00001d021147,,,,,
Zm00001d022238,,,,,
Zm00001d053861,,,,,
Zm00001d023337,,,,,
Zm00001d043301,,,,,
Zm00001d048969,,,,,
Zm00001d033979,,,,,
Zm00001d007698,,,,,
Zm00001d022614,,,,,
Zm00001d053128,,,,,
Zm00001d038807,,,,,
Zm00001d007865,,,,,
Zm00001d034601,,,,,
Zm00001d041594,,,,,
MSTRG.10076,,,,,
Zm00001d033648,,,,,
Zm00001d045599,,,,,
Zm00001d045516,,,,,
Zm00001d023309,,,,,
Zm00001d007995,,,,,
Zm00001d012653,,,,,
Zm00001d003428,,,,,
Zm00001d021891,,,,,
Zm00001d011096,,,,,
Zm00001d033456,,,,,
Zm00001d021020,,,,,
Zm00001d034036,,,,,
Zm00001d004676,,,,,
Zm00001d002450,,,,,
Zm00001d035722,,,,,
Zm00001d009714,,,,,
Zm00001d034871,,,,,
Zm00001d029151,,,,,
Zm00001d018359,,,,,
Zm00001d020325,,,,,
Zm00001d044105,,,,,
Zm00001d048937,,,,,
Zm00001d023223,,,,,
Zm00001d022251,,,,,
Zm00001d049884,,,,,
Zm00001d039664,,,,,
Zm00001d015778,,,,,
Zm00001d034480,,,,,
Zm00001d052494,,,,,
Zm00001d007567,,,,,
Zm00001d044908,,,,,
Zm00001d008690,,,,,
Zm00001d013627,,,,,
Zm00001d031942,,,,,
Zm00001d031691,,,,,
Zm00001d053642,,,,,
Zm00001d044333,,,,,
Zm00001d012857,,,,,
MSTRG.14738,,,,,
MSTRG.18215,,,,,
Zm00001d042996,,,,,
MSTRG.6825,,,,,
Zm00001d044987,,,,,
Zm00001d006084,,,,,
Zm00001d050244,,,,,
Zm00001d032933,,,,,
Zm00001d034023,,,,,
Zm00001d038944,,,,,
Zm00001d012205,,,,,
Zm00001d033575,,,,,
Zm00001d028055,,,,,
MSTRG.1758,,,,,
Zm00001d022041,,,,,
Zm00001d016081,,,,,
Zm00001d041124,,,,,
MSTRG.296,,,,,
Zm00001d042589,,,,,
Zm00001d018568,,,,,
Zm00001d011817,,,,,
Zm00001d039312,,,,,
Zm00001d016722,,,,,
Zm00001d011396,,,,,
Zm00001d027726,,,,,
MSTRG.16286,,,,,
MSTRG.9819,,,,,
Zm00001d050359,,,,,
Zm00001d022188,,,,,
Zm00001d018420,,,,,
Zm00001d022546,,,,,
Zm00001d041243,,,,,
Zm00001d013086,,,,,
MSTRG.9425,,,,,
MSTRG.7461,,,,,
Zm00001d008907,,,,,
Zm00001d002324,,,,,
Zm00001d032313,,,,,
Zm00001d032873,,,,,
MSTRG.19520,,,,,
MSTRG.13752,,,,,
Zm00001d021835,,,,,
Zm00001d033473,,,,,
Zm00001d053524,,,,,
Zm00001d004541,,,,,
Zm00001d025981,,,,,
MSTRG.19847,,,,,
Zm00001d047407,,,,,
Zm00001d038535,,,,,
MSTRG.6376,,,,,
Zm00001d027362,,,,,
Zm00001d023504,,,,,
Zm00001d021526,,,,,
Zm00001d012265,,,,,
Zm00001d035569,,,,,
Zm00001d029191,,,,,
Zm00001d052123,,,,,
Zm00001d034529,,,,,
Zm00001d012263,,,,,
Zm00001d035526,,,,,
Zm00001d046936,,,,,
Zm00001d020980,,,,,
Zm00001d009339,,,,,
Zm00001d018204,,,,,
Zm00001d010583,,,,,
Zm00001d020694,,,,,
MSTRG.18385,,,,,
Zm00001d053931,,,,,
Zm00001d016036,,,,,
Zm00001d007889,,,,,
Zm00001d041445,,,,,
Zm00001d023537,,,,,
Zm00001d012267,,,,,
MSTRG.14965,,,,,
Zm00001d030701,,,,,
Zm00001d024778,,,,,
Zm00001d031688,,,,,
Zm00001d031589,,,,,
MSTRG.1430,,,,,
Zm00001d045294,,,,,
Zm00001d026339,,,,,
MSTRG.3823,,,,,
MSTRG.8708,,,,,
Zm00001d037237,,,,,
Zm00001d029142,,,,,
Zm00001d037596,,,,,
Zm00001d042341,,,,,
Zm00001d034444,,,,,
Zm00001d045819,,,,,
Zm00001d008345,,,,,
Zm00001d007417,,,,,
Zm00001d044831,,,,,
Zm00001d003071,,,,,
Zm00001d006834,,,,,
Zm00001d045893,,,,,
Zm00001d034932,,,,,
Zm00001d041249,,,,,
MSTRG.17625,,,,,
MSTRG.17327,,,,,
Zm00001d047340,,,,,
Zm00001d014187,,,,,
Zm00001d042804,,,,,
Zm00001d018297,,,,,
Zm00001d006725,,,,,
Zm00001d020450,,,,,
Zm00001d039039,,,,,
Zm00001d016660,,,,,
Zm00001d009431,,,,,
Zm00001d043517,,,,,
Zm00001d026127,,,,,
Zm00001d017700,,,,,
Zm00001d030968,,,,,
MSTRG.9068,,,,,
Zm00001d049940,,,,,
Zm00001d032153,,,,,
Zm00001d029095,,,,,
Zm00001d019266,,,,,
Zm00001d021465,,,,,
MSTRG.6987,,,,,
Zm00001d031602,,,,,
Zm00001d014585,,,,,
Zm00001d017213,,,,,
Zm00001d032649,,,,,
MSTRG.6719,,,,,
Zm00001d017651,,,,,
Zm00001d032250,,,,,
Zm00001d014993,,,,,
MSTRG.9287,,,,,
MSTRG.15211,,,,,
Zm00001d019337,,,,,
Zm00001d053259,,,,,
Zm00001d007465,,,,,
Zm00001d033913,,,,,
Zm00001d018873,,,,,
Zm00001d025681,,,,,
Zm00001d035964,,,,,
Zm00001d006640,,,,,
Zm00001d018001,,,,,
Zm00001d033591,,,,,
Zm00001d045491,,,,,
Zm00001d024715,,,,,
Zm00001d047255,,,,,
Zm00001d027616,,,,,
Zm00001d005546,,,,,
Zm00001d045590,,,,,
MSTRG.6502,,,,,
Zm00001d001846,,,,,
Zm00001d051081,,,,,
Zm00001d042088,,,,,
Zm00001d020310,,,,,
Zm00001d036905,,,,,
Zm00001d052247,,,,,
Zm00001d009430,,,,,
Zm00001d016606,,,,,
Zm00001d024373,,,,,
Zm00001d037770,,,,,
Zm00001d038768,,,,,
Zm00001d007824,,,,,
Zm00001d047461,,,,,
MSTRG.7225,,,,,
Zm00001d037079,,,,,
Zm00001d023506,,,,,
Zm00001d045607,,,,,
Zm00001d032475,,,,,
MSTRG.19044,,,,,
Zm00001d002441,,,,,
Zm00001d036296,,,,,
Zm00001d017239,,,,,
Zm00001d042306,,,,,
Zm00001d052303,,,,,
Zm00001d050920,,,,,
MSTRG.16820,,,,,
MSTRG.15224,,,,,
Zm00001d005638,,,,,
Zm00001d028412,,,,,
Zm00001d034498,,,,,
Zm00001d014347,,,,,
MSTRG.19890,,,,,
Zm00001d012446,,,,,
Zm00001d012517,,,,,
Zm00001d037603,,,,,
Zm00001d027871,,,,,
Zm00001d011387,,,,,
Zm00001d007762,,,,,
Zm00001d027300,,,,,
Zm00001d035540,,,,,
Zm00001d041854,,,,,
Zm00001d021136,,,,,
Zm00001d041719,,,,,
Zm00001d026548,,,,,
MSTRG.2885,,,,,
Zm00001d022324,,,,,
MSTRG.13639,,,,,
Zm00001d049362,,,,,
Zm00001d015348,,,,,
Zm00001d038564,,,,,
Zm00001d026405,,,,,
MSTRG.4898,,,,,
Zm00001d041682,,,,,
Zm00001d041993,,,,,
MSTRG.16077,,,,,
Zm00001d040274,,,,,
MSTRG.4634,,,,,
Zm00001d045064,,,,,
MSTRG.12155,,,,,
MSTRG.10107,,,,,
Zm00001d020297,,,,,
Zm00001d039090,,,,,
Zm00001d017445,,,,,
Zm00001d031239,,,,,
Zm00001d053928,,,,,
Zm00001d014770,,,,,
Zm00001d033405,,,,,
Zm00001d025342,,,,,
Zm00001d024588,,,,,
Zm00001d049095,,,,,
Zm00001d031429,,,,,
Zm00001d050026,,,,,
Zm00001d045323,,,,,
Zm00001d051759,,,,,
Zm00001d044497,,,,,
Zm00001d045555,,,,,
MSTRG.5892,,,,,
Zm00001d007172,,,,,
Zm00001d035199,,,,,
Zm00001d046581,,,,,
Zm00001d051905,,,,,
Zm00001d015036,,,,,
Zm00001d033345,,,,,
Zm00001d029418,,,,,
Zm00001d042107,,,,,
Zm00001d043407,,,,,
Zm00001d033401,,,,,
Zm00001d029018,,,,,
MSTRG.7227,,,,,
Zm00001d010603,,,,,
Zm00001d032894,,,,,
Zm00001d020329,,,,,
Zm00001d006220,,,,,
Zm00001d018804,,,,,
Zm00001d047404,,,,,
Zm00001d021299,,,,,
Zm00001d038448,,,,,
Zm00001d046569,,,,,
Zm00001d033402,,,,,
MSTRG.12059,,,,,
Zm00001d011486,,,,,
Zm00001d020051,,,,,
Zm00001d020593,,,,,
Zm00001d029693,,,,,
Zm00001d033621,,,,,
Zm00001d049510,,,,,
MSTRG.9449,,,,,
Zm00001d049662,,,,,
MSTRG.20202,,,,,
Zm00001d025687,,,,,
MSTRG.2231,,,,,
Zm00001d008212,,,,,
Zm00001d022551,,,,,
Zm00001d008679,,,,,
Zm00001d041603,,,,,
Zm00001d009753,,,,,
Zm00001d012549,,,,,
Zm00001d039989,,,,,
Zm00001d002051,,,,,
Zm00001d028759,,,,,
Zm00001d037748,,,,,
Zm00001d018041,,,,,
Zm00001d020188,,,,,
Zm00001d052928,,,,,
Zm00001d005089,,,,,
Zm00001d022077,,,,,
Zm00001d020102,,,,,
Zm00001d052010,,,,,
MSTRG.2360,,,,,
Zm00001d031854,,,,,
Zm00001d002089,,,,,
Zm00001d034768,,,,,
Zm00001d022352,,,,,
Zm00001d026014,,,,,
Zm00001d036678,,,,,
Zm00001d036020,,,,,
Zm00001d038853,,,,,
Zm00001d010290,,,,,
MSTRG.8363,,,,,
Zm00001d023270,,,,,
Zm00001d024333,,,,,
Zm00001d005762,,,,,
Zm00001d032377,,,,,
Zm00001d003750,,,,,
Zm00001d003147,,,,,
Zm00001d018516,,,,,
MSTRG.10655,,,,,
Zm00001d009990,,,,,
Zm00001d023640,,,,,
MSTRG.1259,,,,,
Zm00001d036213,,,,,
Zm00001d022462,,,,,
Zm00001d041438,,,,,
MSTRG.3734,,,,,
Zm00001d022475,,,,,
Zm00001d022922,,,,,
Zm00001d014166,,,,,
Zm00001d028097,,,,,
Zm00001d007279,,,,,
Zm00001d034710,,,,,
Zm00001d022581,,,,,
MSTRG.8226,,,,,
Zm00001d032633,,,,,
Zm00001d020552,,,,,
Zm00001d048100,,,,,
Zm00001d012515,,,,,
Zm00001d017547,,,,,
Zm00001d010336,,,,,
Zm00001d023681,,,,,
Zm00001d044533,,,,,
Zm00001d027962,,,,,
Zm00001d017686,,,,,
MSTRG.17767,,,,,
Zm00001d021297,,,,,
Zm00001d033753,,,,,
Zm00001d025222,,,,,
Zm00001d031979,,,,,
Zm00001d022111,,,,,
Zm00001d046317,,,,,
MSTRG.16340,,,,,
Zm00001d005485,,,,,
Zm00001d037211,,,,,
Zm00001d024425,,,,,
Zm00001d021881,,,,,
Zm00001d045261,,,,,
Zm00001d036245,,,,,
Zm00001d035629,,,,,
Zm00001d006098,,,,,
Zm00001d038623,,,,,
MSTRG.17437,,,,,
Zm00001d020543,,,,,
Zm00001d023636,,,,,
Zm00001d031525,,,,,
Zm00001d012337,,,,,
Zm00001d021221,,,,,
Zm00001d023580,,,,,
Zm00001d017584,,,,,
Zm00001d008591,,,,,
MSTRG.9844,,,,,
Zm00001d016034,,,,,
Zm00001d011648,,,,,
Zm00001d006880,,,,,
Zm00001d034468,,,,,
Zm00001d009609,,,,,
Zm00001d006388,,,,,
Zm00001d003309,,,,,
MSTRG.8448,,,,,
Zm00001d036307,,,,,
MSTRG.19507,,,,,
Zm00001d029965,,,,,
Zm00001d046942,,,,,
Zm00001d049761,,,,,
Zm00001d030146,,,,,
Zm00001d012017,,,,,
MSTRG.8445,,,,,
MSTRG.13191,,,,,
Zm00001d032383,,,,,
MSTRG.15916,,,,,
Zm00001d003259,,,,,
Zm00001d031481,,,,,
Zm00001d002585,,,,,
Zm00001d008407,,,,,
Zm00001d021718,,,,,
Zm00001d052007,,,,,
Zm00001d005159,,,,,
Zm00001d032646,,,,,
Zm00001d047067,,,,,
Zm00001d029560,,,,,
Zm00001d002382,,,,,
Zm00001d044179,,,,,
MSTRG.13906,,,,,
Zm00001d044698,,,,,
Zm00001d035838,,,,,
Zm00001d016225,,,,,
Zm00001d042712,,,,,
Zm00001d025339,,,,,
Zm00001d052061,,,,,
Zm00001d029782,,,,,
Zm00001d029066,,,,,
Zm00001d024128,,,,,
Zm00001d005118,,,,,
Zm00001d053620,,,,,
MSTRG.2183,,,,,
Zm00001d019207,,,,,
Zm00001d016704,,,,,
MSTRG.3756,,,,,
Zm00001d035543,,,,,
Zm00001d048163,,,,,
Zm00001d042747,,,,,
Zm00001d040036,,,,,
Zm00001d007113,,,,,
Zm00001d008594,,,,,
Zm00001d049956,,,,,
MSTRG.9266,,,,,
MSTRG.18470,,,,,
Zm00001d008406,,,,,
Zm00001d033333,,,,,
MSTRG.16023,,,,,
Zm00001d001513,,,,,
Zm00001d034793,,,,,
Zm00001d036417,,,,,
MSTRG.11789,,,,,
Zm00001d017047,,,,,
Zm00001d032010,,,,,
MSTRG.5349,,,,,
Zm00001d011898,,,,,
Zm00001d032127,,,,,
Zm00001d052696,,,,,
Zm00001d002440,,,,,
Zm00001d050428,,,,,
Zm00001d040880,,,,,
MSTRG.2690,,,,,
Zm00001d043289,,,,,
Zm00001d043290,,,,,
Zm00001d043275,,,,,
Zm00001d044615,,,,,
Zm00001d047667,,,,,
Zm00001d028787,,,,,
Zm00001d010030,,,,,
Zm00001d008297,,,,,
Zm00001d044465,,,,,
Zm00001d028679,,,,,
MSTRG.12103,,,,,
Zm00001d043911,,,,,
MSTRG.18763,,,,,
MSTRG.5423,,,,,
Zm00001d020697,,,,,
Zm00001d036932,,,,,
Zm00001d043700,,,,,
Zm00001d011060,,,,,
Zm00001d045387,,,,,
MSTRG.10555,,,,,
Zm00001d015656,,,,,
Zm00001d026472,,,,,
Zm00001d035925,,,,,
Zm00001d012275,,,,,
Zm00001d051420,,,,,
MSTRG.14824,,,,,
Zm00001d028232,,,,,
MSTRG.5426,,,,,
Zm00001d049381,,,,,
Zm00001d043989,,,,,
Zm00001d035198,,,,,
Zm00001d021584,,,,,
Zm00001d044207,,,,,
Zm00001d029531,,,,,
Zm00001d027708,,,,,
Zm00001d021930,,,,,
